,fit_time,score_time,test_accuracy,train_accuracy,test_precision,train_precision,test_recall,train_recall,test_f1_score,train_f1_score
0,0.04697155952453613,0.8255038261413574,0.9660339660339661,1.0,0.9660339660339661,1.0,0.9660339660339661,1.0,0.9660339660339661,1.0
1,0.04697155952453613,0.7485470771789551,0.964035964035964,1.0,0.964035964035964,1.0,0.964035964035964,1.0,0.964035964035964,1.0
2,0.04297590255737305,0.7685351371765137,0.972,1.0,0.972,1.0,0.972,1.0,0.972,1.0
3,0.05396890640258789,0.6635937690734863,0.966933867735471,1.0,0.966933867735471,1.0,0.966933867735471,1.0,0.966933867735471,1.0
