,fit_time,score_time,test_accuracy,train_accuracy,test_precision,train_precision,test_recall,train_recall,test_f1_score,train_f1_score
0,5.208029508590698,0.00899505615234375,0.9710578842315369,0.9879919946631087,0.9710578842315369,0.9879919946631087,0.9710578842315369,0.9879919946631087,0.9710578842315369,0.9879919946631087
1,5.22901725769043,0.008996009826660156,0.971028971028971,0.9859953317772591,0.971028971028971,0.9859953317772591,0.971028971028971,0.9859953317772591,0.971028971028971,0.9859953317772591
2,5.2350146770477295,0.0099945068359375,0.9719719719719719,0.9770076641119627,0.9719719719719719,0.9770076641119627,0.9719719719719719,0.9770076641119627,0.9719719719719719,0.9770076641119627
3,4.555403470993042,0.017992258071899414,0.9739478957915831,0.9736842105263158,0.9739478957915831,0.9736842105263158,0.9739478957915831,0.9736842105263158,0.9739478957915831,0.9736842105263158
