,fit_time,score_time,test_accuracy,train_accuracy,test_precision,train_precision,test_recall,train_recall,test_f1_score,train_f1_score
0,0.03497958183288574,0.009995460510253906,0.985014985014985,0.9986662220740247,0.985014985014985,0.9986662220740247,0.985014985014985,0.9986662220740247,0.985014985014985,0.9986662220740247
1,0.037978172302246094,0.01099395751953125,0.993006993006993,0.9979993331110371,0.993006993006993,0.9979993331110371,0.993006993006993,0.9979993331110371,0.993006993006993,0.9979993331110371
2,0.035979270935058594,0.01099395751953125,0.988,0.996,0.988,0.996,0.988,0.996,0.988,0.996
3,0.03398275375366211,0.010996103286743164,0.9859719438877755,0.9986675549633578,0.9859719438877755,0.9986675549633578,0.9859719438877755,0.9986675549633578,0.9859719438877755,0.9986675549633578
