,fit_time,score_time,test_accuracy,test_precision,test_recall,test_f1_score
0,0.015955209732055664,0.007978200912475586,0.9850299401197605,0.9850299401197605,0.9850299401197605,0.9850299401197605
1,0.01894831657409668,0.007980108261108398,0.9920079920079921,0.9920079920079921,0.9920079920079921,0.9920079920079921
2,0.019946813583374023,0.006981611251831055,0.985985985985986,0.985985985985986,0.985985985985986,0.985985985985986
3,0.016954898834228516,0.00598454475402832,0.9829659318637275,0.9829659318637275,0.9829659318637275,0.9829659318637275
