,fit_time,score_time,test_accuracy,test_precision,test_recall,test_f1_score
0,1.1798300743103027,0.5356612205505371,0.8561438561438561,0.8561438561438561,0.8561438561438561,0.856143856143856
1,0.9166224002838135,0.42200160026550293,0.8531468531468531,0.8531468531468531,0.8531468531468531,0.8531468531468531
2,1.184680461883545,0.5408422946929932,0.8588588588588588,0.8588588588588588,0.8588588588588588,0.8588588588588588
3,1.2610571384429932,0.40196657180786133,0.8538538538538538,0.8538538538538538,0.8538538538538538,0.8538538538538538
