,Accuracy,Precision,Recall
0,0.9988,0.9980285855101035,0.9990133201776024
