,Accuracy,Precision,Recall
0,0.998,0.9970831307729704,0.9980535279805353
