,Accuracy,Precision,Recall
0,0.999,0.9985207100591716,0.9990133201776024
