,Accuracy,Precision,Recall
0,0.996,0.9921722113502935,0.9980314960629921
