,Accuracy,Precision,Recall
0,0.9982,0.9975405804230202,0.9980314960629921
