,Accuracy,Precision,Recall
0,0.9962,0.9941747572815534,0.9965936739659368
