,Accuracy,Precision,Recall
0,0.989,0.9916420845624385,0.9815085158150851
