,Accuracy,Precision,Recall
0,0.9972,0.9945945945945946,0.9985199802664035
