,Accuracy,Precision,Recall
0,0.9974,0.9950956351152526,0.9985236220472441
