,Accuracy,Precision,Recall
0,0.9996,0.9995066600888012,0.9995066600888012
