,Accuracy,Precision,Recall
0,0.9982,0.9965635738831615,0.9990157480314961
