,Accuracy,Precision,Recall
0,0.9958,0.9932104752667313,0.9965936739659368
