,Accuracy,Precision,Recall
0,0.9942,0.9931840311587147,0.9927007299270073
