,Accuracy,Precision,Recall
0,0.9992,0.9985214391325776,0.9995066600888012
