,Accuracy,Precision,Recall
0,0.9982,0.9970515970515971,0.9985236220472441
