,SVM,Multi-level Perceptron,Decision Tree,KNN,Random Forest
fit_time,0.351133633,1.247443199,0.009029806,0.017343283,0.771067786
score_time,0.141213202,0.013843238,0.00557965,0.262968361,0.189166737
test_accuracy,0.896252477,0.890749698,0.987498992,0.910756204,0.969261683
test_precision,0.896252477,0.890749698,0.987498992,0.910756204,0.969261683
test_recall,0.896252477,0.890749698,0.987498992,0.910756204,0.969261683
test_f1_score,0.896252477,0.890749698,0.987498992,0.910756204,0.969261683
