,Accuracy,Precision,Recall
0,0.9702,0.9406542056074766,0.9891891891891892
