,Accuracy,Precision,Recall
0,0.9848,0.9851411589895989,0.9773955773955774
