,Accuracy,Precision,Recall
0,0.9904,0.991588322612568,0.9847665847665847
