,Accuracy,Precision,Recall
0,0.9918,0.9930761622156281,0.9867321867321868
