,Accuracy,Precision,Recall
0,0.9906,0.9925668979187314,0.9842751842751842
