,Accuracy,Precision,Recall
0,0.992,0.9916214884179398,0.9886977886977887
