,Accuracy,Precision,Recall
0,0.992,0.9930795847750865,0.9872235872235873
