,Accuracy,Precision,Recall
0,0.9936,0.9935929029078364,0.9906633906633907
