,Accuracy,Precision,Recall
0,0.9794,0.9834834834834835,0.9656019656019657
