,accuracy,Precision,recall
0,0.99925,1.0,0.9981285090455396
1,0.99925,1.0,0.9981285090455396
