,Accuracy,Precision,Recall
0,0.9882,0.9819512195121951,0.9891891891891892
