,Accuracy,Precision,Recall
0,0.9884,0.9910581222056631,0.9803439803439803
