,Accuracy,Precision,Recall
0,0.9874,0.9905472636815921,0.9783783783783784
