,Accuracy,Precision,Recall
0,0.9702,0.9381970260223048,0.9921375921375921
