,Accuracy,Precision,Recall
0,0.976,0.970978848991638,0.97002457002457
