,fit_time,score_time,test_accuracy
0,1.579930067062378,0.025365591049194336,0.9782004051345026
1,1.7130036354064941,0.0278012752532959,0.9619526428481464
2,1.7131521701812744,0.026066064834594727,0.9959381166295814
3,1.7338712215423584,0.026463985443115234,0.9978693256363159
