,accuracy,Precision,recall
0,0.985,0.991875,0.9712362301101591
1,0.985,0.991875,0.9712362301101591
