,accuracy,Precision,recall
0,0.99175,0.9950186799501868,0.984596426370918
1,0.99175,0.9950186799501868,0.984596426370918
