,accuracy,Precision,recall
0,0.9975,0.9974619289340102,0.9961977186311787
1,0.9975,0.9974619289340102,0.9961977186311787
