,Accuracy,Precision,Recall
0,0.997,0.9975323874151758,0.9950769230769231
