,Accuracy,Precision,Recall
0,0.98825,0.9944168734491315,0.9768433881779403
