,Accuracy,Precision,Recall
0,0.99775,0.9975565058032987,0.996947496947497
