,Accuracy,Precision,Recall
0,0.99175,0.9924050632911392,0.986784140969163
