,Accuracy,Precision,Recall
0,0.99,0.9858548585485855,0.9895061728395061
