,Accuracy,Precision,Recall
0,0.9988,0.9985177865612648,0.9985177865612648
