,accuracy,Precision,recall
0,0.9689679526794385,0.9347848204293417,0.9932972972972973
1,0.9689679526794385,0.9347848204293417,0.9932972972972973
