,accuracy,Precision,recall
0,0.9955857685177011,0.9947015570934256,0.9944864864864865
1,0.9955857685177011,0.9947015570934256,0.9944864864864865
