,Accuracy,Precision,Recall
0,0.994,0.994421906693712,0.9904040404040404
