,Accuracy,Precision,Recall
0,0.991,0.9928680590932246,0.9843434343434343
