,Accuracy,Precision,Recall
0,0.9942,0.9944247339077547,0.990909090909091
