,Accuracy,Precision,Recall
0,0.987,0.9761312779711586,0.9914141414141414
