,Accuracy,Precision,Recall
0,0.9812,0.9832429768358797,0.9708029197080292
