,Accuracy,Precision,Recall
0,0.9896,0.9916543937162494,0.9829683698296837
