,accuracy,Precision,recall
0,0.999,0.9975232198142415,1.0
1,0.999,0.9975232198142415,1.0
