,Accuracy,Precision,Recall
0,0.9832,0.991701244813278,0.9656565656565657
