,Accuracy,Precision,Recall
0,0.9884,0.9925410243659871,0.9789112309955861
