,Accuracy,Precision,Recall
0,0.9906,0.9878849066128218,0.9883838383838384
