,Accuracy,Precision,Recall
0,0.994,0.9914314516129032,0.9934343434343434
