,Accuracy,Precision,Recall
0,0.9968,0.9941031941031941,0.9980266403552047
