,accuracy,Precision,recall
0,0.9717930608281098,0.9355589276681842,0.9997837837837837
1,0.9717930608281098,0.9355589276681842,0.9997837837837837
