,Accuracy,Precision,Recall
0,0.9934,0.9916666666666667,0.9921530161844041
