,Accuracy,Precision,Recall
0,0.9966,0.9950738916256158,0.9965466206216083
