,Accuracy,Precision,Recall
0,0.9908,0.9916789035731767,0.9858880778588808
