,Accuracy,Precision,Recall
0,0.9886,0.9910802775024777,0.980872976949485
