,Accuracy,Precision,Recall
0,0.9904,0.9891891891891892,0.9872486512996567
