,Accuracy,Precision,Recall
0,0.9776,0.989517819706499,0.9535353535353536
