,Accuracy,Precision,Recall
0,0.9836,0.9932432432432432,0.9651515151515152
