,Accuracy,Precision,Recall
0,0.9942,0.9949264332825977,0.9904040404040404
