,Accuracy,Precision,Recall
0,0.993,0.9934043632673769,0.9888888888888889
