,Accuracy,Precision,Recall
0,0.9928,0.9863214460185638,0.9960532807104094
