,Accuracy,Precision,Recall
0,0.9906,0.9918575063613232,0.9843434343434343
