,Accuracy,Precision,Recall
0,0.9934,0.9921491658488715,0.9916625796959294
