,Accuracy,Precision,Recall
0,0.982,0.9911642411642412,0.9631313131313132
