,Accuracy,Precision,Recall
0,0.9938,0.9939178915357324,0.9904040404040404
