,accuracy,Precision,recall
0,0.9939525028692504,0.9936084931210053,0.9915675675675676
1,0.9939525028692504,0.9936084931210053,0.9915675675675676
