,Accuracy,Precision,Recall
0,0.9928,0.9935929029078364,0.988719960765081
