,accuracy,Precision,recall
0,0.9716164915688179,0.9351805035898473,0.9997837837837837
1,0.9716164915688179,0.9351805035898473,0.9997837837837837
