,Accuracy,Precision,Recall
0,0.9888,0.9886643666830951,0.9838155958803335
