,Accuracy,Precision,Recall
0,0.9892,0.9896398618648249,0.9838155958803335
