,Accuracy,Precision,Recall
0,0.9932,0.9921453117329406,0.9911721432074546
