,fit_time,score_time,test_accuracy,test_precision,test_recall,test_f1_score
0,0.3076596260070801,0.1312398910522461,0.8692614770459082,0.8692614770459082,0.8692614770459082,0.8692614770459082
1,0.2671184539794922,0.1190793514251709,0.8741258741258742,0.8741258741258742,0.8741258741258742,0.8741258741258742
2,0.29351806640625,0.14138078689575195,0.8678678678678678,0.8678678678678678,0.8678678678678678,0.8678678678678678
3,0.29650211334228516,0.1312398910522461,0.875751503006012,0.875751503006012,0.875751503006012,0.8757515030060119
